name,type,channel,handle_or_url,audience,why,opening_hook,ask,status,last_contact,notes
Edupedu.ro,presa,email + IG,https://www.edupedu.ro,parinti+profesori,Deja citeaza la-butoane (aug + sept 2026); acopera zilnic legile pe educatie,Card: uniforma scolara - votul din Senat pe partide + ce urmeaza la Camera,credit cu link + data pack saptamanal pe educatie,de contactat,,
Consiliul National al Elevilor,organizatie,IG DM + email,CNE (instagram / cne.ro),elevi,Protest in negru 28 sept contra uniformei obligatorii; au nevoie de "unde e proiectul acum",Card cu votul 84-18 + pasul urmator (Camera decide),distribuire card + tag,de contactat,,
Snoop.ro,presa,IG DM + email,https://www.instagram.com/snoop.ro (102k),public larg,Cel mai mare cont de jurnalism politic pe IG din RO; nonprofit,Absentii + traseistii lunii ca date brute (CSV) inaintea cardului,citare cu link; ocazional Collab,de contactat,,
Funky Citizens,ONG,IG DM + email,https://www.instagram.com/funky.citizens (34k),civic,Civic tech + educatie civica; TransparenCEE,Adoptarile tacite (nimeni nu a votat) - cardul lor,post Collab lunar,de contactat,,
Declic,ONG,email,https://www.declic.ro,activisti,Campanii cu petitii; au nevoie de "cine a votat cum" la fiecare campanie,Link direct la votul nominal pentru campania curenta,citare + Collab,de contactat,,
Recorder,presa,email,https://recorder.ro,public larg,Documentare cu impact; cauta date verificabile,Data pack lunar: prezenta + devieri pe partide,citare cu link,de contactat,,
Context.ro,presa,email,https://context.ro,public informat,Investigatii pe influenta politica; folosesc date,API public /api/v1 + CSV,citare cu link,de contactat,,
PressOne,presa,email,https://pressone.ro,public informat,Explainer-uri lungi; potrivire cu "cum functioneaza",Explainerul "0 voturi impotriva" ca material,citare cu link,de contactat,,
G4Media,presa,email,https://www.g4media.ro,public larg,Acopera zilnic Parlamentul (puciștii; traseisti),Data pack saptamanal luni dimineata,citare cu link,de contactat,,
HotNews,presa,email,https://hotnews.ro,public larg,Au facut topul absentelor nemotivate (2025),Clasamentul nostru de prezenta cu cele trei garduri; diferenta fata de "nemotivate",citare cu link,de contactat,,
Europa Libera Romania,presa,email,https://romania.europalibera.org,public informat,Au acoperit absentele; publica analize de date,Data pack + harta pe judete,citare cu link,de contactat,,
Dela0.ro,presa,email,https://dela0.ro,public informat,Explainere pe politica; ton apropiat de al nostru,Explainerul saptamanii,citare + preluare carduri,de contactat,,
Republica.ro,presa,email,https://republica.ro,public larg,Opinie + explicatie; preiau infografice,Carduri libere de reutilizat cu credit,preluare carduri,de contactat,,
Expert Forum (EFOR),ONG,email,https://expertforum.ro,policy,Analize pe Parlament si alegeri; publica rapoarte,Exporturi CSV pe voturi nominale pentru rapoarte,citare in rapoarte,de contactat,,
APADOR-CH,ONG,email,https://apador.org,drepturi,Urmaresc legile pe justitie si drepturi (anti-SLAPP),Cardul L276 anti-SLAPP + voturile nominale,citare + distribuire,de contactat,,
CeRe,ONG,email,https://cere.ong,participare civica,Educatie civica; potrivire cu seria "cum functioneaza",Seria de explainere ca material educational,distribuire + Collab,de contactat,,
Code for Romania,ONG,email,https://code4.ro,civic tech,Comunitate tech; pot amplifica API-ul public,API /api/v1 + exporturi,mentiune in comunitate,de contactat,,
Coruptia Ucide,ONG,IG DM,instagram.com/coruptia.ucide,activisti,Public mare pe IG; distribuie carduri,Traseistii lunii,distribuire,de contactat,,
ANOSR,organizatie,email,https://anosr.ro,studenti,Legile pe burse si taxe (L566/2026),Card: bursele tehnologice - unde e proiectul,distribuire,de contactat,,
FSLI,sindicat,email,https://fsli.ro,profesori,Salarizare profesori; analiza Edupedu,Lista initiativelor pe salarizare + stadiul lor,distribuire,de contactat,,
Monitorul de Vaslui,presa locala,email,https://www.monitoruldevaslui.ro,Vaslui,Republica declaratiile deputatilor locali (Gherasim),Prezenta parlamentarilor din Vaslui,citare cu link,de contactat,,
PHonline,presa locala,email,https://phonline.ro,Prahova,Acopera Gusa si Rosca,Prezenta + devieri Prahova,citare cu link,de contactat,,
Ziarul Delta,presa locala,email,https://ziaruldelta.ro,Tulcea,Acopera senatorul Carp (0 voturi in sept),Prezenta Tulcea,citare cu link,de contactat,,
Stirile Transilvaniei,presa locala,email,https://stiriletransilvaniei.eu,Transilvania,Au acoperit cazul Antal,Prezenta Harghita/Cluj,citare cu link,de contactat,,
r/Romania,comunitate,reddit,https://www.reddit.com/r/Romania,public larg,Analize ca text + link pe site (nu IG),Recapul saptamanal ca text,discutie + trafic,de contactat,,
